synthetic,node_count,range_sigma_mm,angle_sigma_deg,level_sigma_deg,encoder_sigma_deg,centering_sigma_mm,trials,valid,failed,rms_common_BC_mm,p95_trial_max_BC_mm,max_BC_mm
true,3,0.5,0.001,0.002,0.001,0.2,100,100,0,0.47621287885302416,0.8273114506842818,1.0401739025649548
true,3,0.5,0.005,0.002,0.001,0.2,100,100,0,0.7880327878011564,1.3688831935358134,1.8449883704288579
true,3,0.5,0.01,0.002,0.001,0.2,100,100,0,1.3093953813834807,2.437777626932784,3.3809565113395004
true,3,0.5,0.05,0.002,0.001,0.2,100,100,0,5.983286092307013,11.898241874649278,16.410377092045884
true,3,1,0.001,0.002,0.001,0.2,100,100,0,0.6268548607889827,1.1699615300409092,1.3146157398917062
true,3,1,0.005,0.002,0.001,0.2,100,100,0,0.9677164607110043,1.6863385888348814,2.1371550289470944
true,3,1,0.01,0.002,0.001,0.2,100,100,0,1.4783302040485566,2.528061367963465,3.4038628618973124
true,3,1,0.05,0.002,0.001,0.2,100,100,0,6.039341996196762,11.877653499378097,16.405686233257057
true,3,2,0.001,0.002,0.001,0.2,100,100,0,0.9461646078090654,1.9900418802452753,2.289360714227545
true,3,2,0.005,0.002,0.001,0.2,100,100,0,1.2716509537217158,2.333140736204372,2.6404939299563743
true,3,2,0.01,0.002,0.001,0.2,100,100,0,1.8328440482958424,3.2123503600283323,4.028640436403207
true,3,2,0.05,0.002,0.001,0.2,100,100,0,6.238729712439758,11.842949878823264,16.406432373831546
true,4,0.5,0.001,0.002,0.001,0.2,100,100,0,0.4259991723642259,0.711138795260232,0.8578808611158982
true,4,0.5,0.005,0.002,0.001,0.2,100,100,0,0.7074380235298393,1.2342608151718335,1.3728051670875705
true,4,0.5,0.01,0.002,0.001,0.2,100,100,0,1.1421787255550138,2.2319010154970393,2.3738109746197376
true,4,0.5,0.05,0.002,0.001,0.2,100,100,0,4.866500346123938,9.431643574467405,10.781420601860182
true,4,1,0.001,0.002,0.001,0.2,100,100,0,0.5310309912177472,0.9545364793827225,1.4182585139505108
true,4,1,0.005,0.002,0.001,0.2,100,100,0,0.8641392422921392,1.4499096500504116,1.7273630067418158
true,4,1,0.01,0.002,0.001,0.2,100,100,0,1.3296016062259428,2.283378692384041,2.558186015535748
true,4,1,0.05,0.002,0.001,0.2,100,100,0,5.089743011362805,10.397909893240376,11.243891395136387
true,4,2,0.001,0.002,0.001,0.2,100,100,0,0.7535027687510356,1.5650290573364296,2.4336616431472273
true,4,2,0.005,0.002,0.001,0.2,100,100,0,1.0760011989474352,1.9436418173107555,2.8445124943042583
true,4,2,0.01,0.002,0.001,0.2,100,100,0,1.627614118321254,2.72154389996128,3.34107835472666
true,4,2,0.05,0.002,0.001,0.2,100,100,0,5.393524782256319,10.640968848956112,11.396242985475824
